timestamp,task,status,execution_time
2025-10-17 10:56:47.572078,Extract,SUCCESS,11.434370756149292
2025-10-17 11:21:01.824785,Extract,SUCCESS,6.469492197036743
2025-10-17 11:52:58.646898,Extract,SUCCESS,7.069362640380859
2025-10-17 11:52:58.646898,Extract,SUCCESS,7.069362640380859
2025-10-17 12:00:16.017519,Load,SUCCESS,6.837102890014648
2025-10-17 12:02:14.248334,Extract,SUCCESS,7.695044994354248
2025-10-17 12:02:18.230856,Load,SUCCESS,3.73517656326294
2025-10-17 14:27:50.380717,Extract,SUCCESS,7.756300210952759
2025-10-17 14:29:44.917335,Load,SUCCESS,114.08853507041933
2025-10-17 14:27:50.380717,Extract,SUCCESS,7.756300210952759
2025-10-17 14:31:14.539705,Load,SUCCESS,7.870455265045166
2025-10-17 14:31:26.150433,Transform,SUCCESS,11.573564052581789
2025-10-17 15:30:35.957808,Extract,SUCCESS,8.993410110473633
2025-10-17 15:30:35.957808,Extract,SUCCESS,8.993410110473633
2025-10-17 15:37:05.936932,Load,SUCCESS,5.592790365219116
2025-10-17 15:37:15.785637,Transform,SUCCESS,9.825567960739136
2025-10-20 08:57:12.224199,Extract,SUCCESS,8.537403106689453
2025-10-20 08:57:16.432361,Load,SUCCESS,3.976019144058228
2025-10-20 08:57:24.888397,Transform,SUCCESS,8.441454887390137
2025-10-20 15:42:55.222137,Extract,SUCCESS,49.004961013793945
2025-10-20 15:43:00.283249,Load,SUCCESS,4.820529460906982
2025-10-20 15:43:10.348229,Transform,SUCCESS,10.054035425186155
2025-10-21 08:53:17.883480,Extract,SUCCESS,11.367173671722412
2025-10-21 08:53:22.429622,Load,SUCCESS,4.318369150161743
2025-10-21 08:53:30.671115,Transform,SUCCESS,8.232671976089478
2025-10-22 08:57:04.014166,Extract,SUCCESS,12.11458945274353
2025-10-22 08:57:09.627303,Load,SUCCESS,5.283492565155029
2025-10-22 08:57:20.455902,Transform,SUCCESS,10.818377494812012
2025-10-22 09:22:35.147009,Extract,SUCCESS,28.430460691452023
2025-10-22 09:22:39.860356,Load,SUCCESS,4.453327894210815
2025-10-22 09:22:48.482677,Transform,SUCCESS,8.609477758407593
2025-10-22 11:47:06.811668,Extract,SUCCESS,72.92203164100647
2025-10-22 11:47:12.121091,Load,SUCCESS,5.023474216461182
2025-10-22 11:47:22.371431,Transform,SUCCESS,10.234695196151732
2025-10-22 14:19:23.650190,Extract,SUCCESS,52.18483138084412
2025-10-22 14:19:29.378874,Load,SUCCESS,5.427367210388184
2025-10-22 14:19:38.607897,Transform,SUCCESS,9.215259075164797
2025-10-22 15:10:39.633283,Extract,SUCCESS,52.59004521369934
2025-10-22 15:10:47.381447,Load,SUCCESS,7.087945461273193
2025-10-22 15:10:58.529792,Transform,SUCCESS,11.137004852294922
2025-10-22 15:46:49.222745,Extract,SUCCESS,55.571566343307495
2025-10-22 15:46:56.823665,Load,SUCCESS,7.322495937347412
2025-10-22 15:47:08.897344,Transform,SUCCESS,12.050832986831663
2025-10-22 16:24:21.334835,Extract,SUCCESS,61.72381043434143
2025-10-22 16:24:26.124626,Load,SUCCESS,4.544233083724976
2025-10-22 16:24:34.738656,Transform,SUCCESS,8.60134220123291
2025-10-22 16:55:12.946811,Extract,SUCCESS,77.20289754867554
2025-10-22 16:55:17.494733,Load,SUCCESS,4.3158814907073975
2025-10-22 16:55:26.645201,Transform,SUCCESS,9.137064456939695
2025-10-23 09:04:43.689071,Extract,SUCCESS,150.1481807231903
2025-10-23 09:04:48.023120,Load,SUCCESS,3.95365834236145
2025-10-23 09:04:56.685538,Transform,SUCCESS,8.65161919593811
2025-10-24 09:10:57.300964,Extract,SUCCESS,20.9216468334198
2025-10-24 09:11:02.774982,Load,SUCCESS,5.199277639389038
2025-10-24 09:11:10.734118,Transform,SUCCESS,7.951054096221924
2025-10-29 09:47:36.980110,Extract,SUCCESS,15.087780237197876
2025-10-29 09:47:41.849077,Load,SUCCESS,4.598618268966675
2025-10-29 09:47:50.530214,Transform,SUCCESS,8.669592142105103
2025-10-30 08:55:21.479566,Extract,SUCCESS,16.594061136245728
2025-10-30 08:55:26.467709,Load,SUCCESS,4.688044548034668
2025-10-30 08:55:34.895478,Transform,SUCCESS,8.41478681564331
2025-10-30 10:56:46.556880,Extract,SUCCESS,35.3414568901062
2025-10-30 10:56:51.281714,Load,SUCCESS,4.491126537322998
2025-10-30 10:57:00.351542,Transform,SUCCESS,9.057820558547974
2025-10-30 11:36:34.808026,Extract,FAILED,0.0
2025-10-30 11:45:50.842499,Extract,SUCCESS,52.08593726158142
2025-10-30 11:46:09.308814,Transform,SUCCESS,18.460585832595825
2025-10-31 09:01:33.551490,Extract,FAILED,0.0
2025-10-31 09:02:02.297368,Extract,SUCCESS,7.45050311088562
2025-10-31 09:02:07.078540,Load,SUCCESS,4.378100872039795
2025-10-31 09:02:17.473178,Transform,SUCCESS,10.384053945541382
2025-10-31 09:21:43.149334,Extract,SUCCESS,17.996728897094727
2025-10-31 09:21:49.149462,Load,SUCCESS,5.693259954452515
2025-10-31 09:21:58.975625,Transform,SUCCESS,9.816254615783691
2025-10-31 11:27:03.838175,Extract,SUCCESS,19.09974336624145
2025-10-31 11:27:09.386292,Load,SUCCESS,5.252002477645874
2025-10-31 11:27:15.014464,Transform,FAILED,0.0
